cookie,timestamp
ZQcGwUukCq9onPwA,2022-12-31T21:04:00+00:00
KyAg0ul0NM7RQD5u,2022-12-31T14:28:00+00:00
VDpGToBF5fcXEs3f,2022-12-31T06:39:00+00:00
KyAg0ul0NM7RQD5u,2022-12-31T02:20:00+00:00
KlbgkbAJrybotlwa,2022-12-30T23:47:00+00:00
hcwJqENHdjvSmsOz,2022-12-30T16:10:00+00:00
VDpGToBF5fcXEs3f,2022-12-30T03:53:00+00:00
opRzkFbihS3CvYlG,2022-12-29T19:28:00+00:00
nOONUmGqzY8PK69i,2022-12-29T09:01:00+00:00
KlbgkbAJrybotlwa,2022-12-29T06:14:00+00:00
y9QlSCu3S3wSdkcb,2022-12-29T00:21:00+00:00
19EaRr9jjlNMh0kw,2022-12-28T23:25:00+00:00
ZQcGwUukCq9onPwA,2022-12-28T11:15:00+00:00
VDpGToBF5fcXEs3f,2022-12-28T07:14:00+00:00
KlbgkbAJrybotlwa,2022-12-28T03:22:00+00:00
VDpGToBF5fcXEs3f,2022-12-28T02:56:00+00:00
AhCqJSzFU71v2b57,2022-12-28T01:31:00+00:00
opRzkFbihS3CvYlG,2022-12-28T01:21:00+00:00
y9QlSCu3S3wSdkcb,2022-12-27T17:45:00+00:00
y9QlSCu3S3wSdkcb,2022-12-26T08:35:00+00:00
y9QlSCu3S3wSdkcb,2022-12-25T23:28:00+00:00
19EaRr9jjlNMh0kw,2022-12-25T15:45:00+00:00
ZQcGwUukCq9onPwA,2022-12-25T13:24:00+00:00
19EaRr9jjlNMh0kw,2022-12-25T08:44:00+00:00
ZQcGwUukCq9onPwA,2022-12-25T04:53:00+00:00
19EaRr9jjlNMh0kw,2022-12-24T20:13:00+00:00
VDpGToBF5fcXEs3f,2022-12-24T16:27:00+00:00
AhCqJSzFU71v2b57,2022-12-23T17:57:00+00:00
KlbgkbAJrybotlwa,2022-12-23T09:16:00+00:00
KyAg0ul0NM7RQD5u,2022-12-22T03:28:00+00:00
KyAg0ul0NM7RQD5u,2022-12-22T00:09:00+00:00
y9QlSCu3S3wSdkcb,2022-12-21T09:25:00+00:00
y9QlSCu3S3wSdkcb,2022-12-20T14:19:00+00:00
nOONUmGqzY8PK69i,2022-12-19T08:35:00+00:00
opRzkFbihS3CvYlG,2022-12-19T04:48:00+00:00
ZQcGwUukCq9onPwA,2022-12-19T04:43:00+00:00
ZQcGwUukCq9onPwA,2022-12-18T22:56:00+00:00
VDpGToBF5fcXEs3f,2022-12-18T17:07:00+00:00
19EaRr9jjlNMh0kw,2022-12-18T15:48:00+00:00
KyAg0ul0NM7RQD5u,2022-12-17T11:24:00+00:00
KlbgkbAJrybotlwa,2022-12-17T10:05:00+00:00
ZQcGwUukCq9onPwA,2022-12-17T09:24:00+00:00
KyAg0ul0NM7RQD5u,2022-12-17T00:51:00+00:00
hcwJqENHdjvSmsOz,2022-12-16T23:36:00+00:00
AhCqJSzFU71v2b57,2022-12-16T16:34:00+00:00
nOONUmGqzY8PK69i,2022-12-16T15:05:00+00:00
19EaRr9jjlNMh0kw,2022-12-16T10:10:00+00:00
y9QlSCu3S3wSdkcb,2022-12-16T03:06:00+00:00
KlbgkbAJrybotlwa,2022-12-16T00:01:00+00:00
KlbgkbAJrybotlwa,2022-12-15T23:12:00+00:00
y9QlSCu3S3wSdkcb,2022-12-15T19:54:00+00:00
hcwJqENHdjvSmsOz,2022-12-15T18:33:00+00:00
KyAg0ul0NM7RQD5u,2022-12-15T08:53:00+00:00
opRzkFbihS3CvYlG,2022-12-15T01:38:00+00:00
KlbgkbAJrybotlwa,2022-12-15T01:10:00+00:00
19EaRr9jjlNMh0kw,2022-12-14T09:33:00+00:00
y9QlSCu3S3wSdkcb,2022-12-14T05:48:00+00:00
KyAg0ul0NM7RQD5u,2022-12-13T21:53:00+00:00
hcwJqENHdjvSmsOz,2022-12-13T21:20:00+00:00
opRzkFbihS3CvYlG,2022-12-13T15:51:00+00:00
hcwJqENHdjvSmsOz,2022-12-13T09:50:00+00:00
19EaRr9jjlNMh0kw,2022-12-13T05:09:00+00:00
AhCqJSzFU71v2b57,2022-12-12T18:33:00+00:00
hcwJqENHdjvSmsOz,2022-12-12T13:50:00+00:00
nOONUmGqzY8PK69i,2022-12-11T18:36:00+00:00
hcwJqENHdjvSmsOz,2022-12-11T17:49:00+00:00
opRzkFbihS3CvYlG,2022-12-11T13:36:00+00:00
nOONUmGqzY8PK69i,2022-12-11T05:12:00+00:00
nOONUmGqzY8PK69i,2022-12-10T10:54:00+00:00
y9QlSCu3S3wSdkcb,2022-12-09T07:57:00+00:00
KyAg0ul0NM7RQD5u,2022-12-09T03:24:00+00:00
KlbgkbAJrybotlwa,2022-12-09T00:23:00+00:00
y9QlSCu3S3wSdkcb,2022-12-09T00:14:00+00:00
AhCqJSzFU71v2b57,2022-12-08T10:02:00+00:00
hcwJqENHdjvSmsOz,2022-12-07T14:57:00+00:00
y9QlSCu3S3wSdkcb,2022-12-06T21:07:00+00:00
ZQcGwUukCq9onPwA,2022-12-06T11:20:00+00:00
y9QlSCu3S3wSdkcb,2022-12-06T01:01:00+00:00
AhCqJSzFU71v2b57,2022-12-05T06:21:00+00:00
nOONUmGqzY8PK69i,2022-12-05T00:06:00+00:00
opRzkFbihS3CvYlG,2022-12-04T18:23:00+00:00
VDpGToBF5fcXEs3f,2022-12-04T17:23:00+00:00
KlbgkbAJrybotlwa,2022-12-03T23:51:00+00:00
hcwJqENHdjvSmsOz,2022-12-03T18:08:00+00:00
KlbgkbAJrybotlwa,2022-12-02T06:21:00+00:00
KyAg0ul0NM7RQD5u,2022-12-02T00:36:00+00:00
hcwJqENHdjvSmsOz,2022-12-01T11:56:00+00:00
19EaRr9jjlNMh0kw,2022-11-31T22:34:00+00:00
19EaRr9jjlNMh0kw,2022-11-30T20:15:00+00:00
y9QlSCu3S3wSdkcb,2022-11-29T19:09:00+00:00
nOONUmGqzY8PK69i,2022-11-29T08:22:00+00:00
hcwJqENHdjvSmsOz,2022-11-28T22:20:00+00:00
y9QlSCu3S3wSdkcb,2022-11-28T11:44:00+00:00
VDpGToBF5fcXEs3f,2022-11-28T06:25:00+00:00
hcwJqENHdjvSmsOz,2022-11-27T21:22:00+00:00
AhCqJSzFU71v2b57,2022-11-27T17:42:00+00:00
KyAg0ul0NM7RQD5u,2022-11-27T13:49:00+00:00
y9QlSCu3S3wSdkcb,2022-11-27T08:02:00+00:00
VDpGToBF5fcXEs3f,2022-11-26T23:47:00+00:00
KyAg0ul0NM7RQD5u,2022-11-26T19:51:00+00:00
hcwJqENHdjvSmsOz,2022-11-26T19:05:00+00:00
hcwJqENHdjvSmsOz,2022-11-26T02:58:00+00:00
VDpGToBF5fcXEs3f,2022-11-25T19:00:00+00:00
AhCqJSzFU71v2b57,2022-11-25T03:52:00+00:00
ZQcGwUukCq9onPwA,2022-11-24T23:08:00+00:00
AhCqJSzFU71v2b57,2022-11-24T00:12:00+00:00
nOONUmGqzY8PK69i,2022-11-23T23:12:00+00:00
KlbgkbAJrybotlwa,2022-11-22T19:35:00+00:00
VDpGToBF5fcXEs3f,2022-11-22T16:03:00+00:00
ZQcGwUukCq9onPwA,2022-11-22T03:15:00+00:00
VDpGToBF5fcXEs3f,2022-11-22T02:54:00+00:00
VDpGToBF5fcXEs3f,2022-11-21T09:59:00+00:00
hcwJqENHdjvSmsOz,2022-11-21T04:37:00+00:00
y9QlSCu3S3wSdkcb,2022-11-21T01:03:00+00:00
y9QlSCu3S3wSdkcb,2022-11-20T23:28:00+00:00
KyAg0ul0NM7RQD5u,2022-11-20T19:27:00+00:00
ZQcGwUukCq9onPwA,2022-11-20T13:03:00+00:00
VDpGToBF5fcXEs3f,2022-11-20T04:20:00+00:00
opRzkFbihS3CvYlG,2022-11-18T20:09:00+00:00
KlbgkbAJrybotlwa,2022-11-18T17:12:00+00:00
nOONUmGqzY8PK69i,2022-11-18T09:26:00+00:00
VDpGToBF5fcXEs3f,2022-11-17T06:27:00+00:00
ZQcGwUukCq9onPwA,2022-11-16T23:32:00+00:00
opRzkFbihS3CvYlG,2022-11-16T09:21:00+00:00
nOONUmGqzY8PK69i,2022-11-16T08:10:00+00:00
hcwJqENHdjvSmsOz,2022-11-16T07:43:00+00:00
nOONUmGqzY8PK69i,2022-11-15T22:43:00+00:00
KlbgkbAJrybotlwa,2022-11-15T10:42:00+00:00
nOONUmGqzY8PK69i,2022-11-15T08:23:00+00:00
y9QlSCu3S3wSdkcb,2022-11-15T06:05:00+00:00
hcwJqENHdjvSmsOz,2022-11-14T20:24:00+00:00
nOONUmGqzY8PK69i,2022-11-14T18:55:00+00:00
y9QlSCu3S3wSdkcb,2022-11-14T10:32:00+00:00
KlbgkbAJrybotlwa,2022-11-14T05:38:00+00:00
nOONUmGqzY8PK69i,2022-11-13T22:58:00+00:00
AhCqJSzFU71v2b57,2022-11-13T07:36:00+00:00
nOONUmGqzY8PK69i,2022-11-12T13:15:00+00:00
ZQcGwUukCq9onPwA,2022-11-12T11:38:00+00:00
y9QlSCu3S3wSdkcb,2022-11-12T01:20:00+00:00
KyAg0ul0NM7RQD5u,2022-11-11T10:06:00+00:00
AhCqJSzFU71v2b57,2022-11-10T22:35:00+00:00
ZQcGwUukCq9onPwA,2022-11-09T23:31:00+00:00
hcwJqENHdjvSmsOz,2022-11-09T12:50:00+00:00
hcwJqENHdjvSmsOz,2022-11-09T04:49:00+00:00
hcwJqENHdjvSmsOz,2022-11-08T13:26:00+00:00
ZQcGwUukCq9onPwA,2022-11-07T19:50:00+00:00
ZQcGwUukCq9onPwA,2022-11-07T17:12:00+00:00
19EaRr9jjlNMh0kw,2022-11-07T13:19:00+00:00
opRzkFbihS3CvYlG,2022-11-06T19:43:00+00:00
KyAg0ul0NM7RQD5u,2022-11-06T19:12:00+00:00
y9QlSCu3S3wSdkcb,2022-11-06T19:06:00+00:00
hcwJqENHdjvSmsOz,2022-11-06T01:21:00+00:00
opRzkFbihS3CvYlG,2022-11-05T19:05:00+00:00
nOONUmGqzY8PK69i,2022-11-05T09:02:00+00:00
19EaRr9jjlNMh0kw,2022-11-04T23:10:00+00:00
KyAg0ul0NM7RQD5u,2022-11-04T21:54:00+00:00
AhCqJSzFU71v2b57,2022-11-04T05:34:00+00:00
KyAg0ul0NM7RQD5u,2022-11-04T04:25:00+00:00
hcwJqENHdjvSmsOz,2022-11-03T13:27:00+00:00
KyAg0ul0NM7RQD5u,2022-11-02T16:50:00+00:00
opRzkFbihS3CvYlG,2022-11-02T16:10:00+00:00
hcwJqENHdjvSmsOz,2022-11-01T23:26:00+00:00
VDpGToBF5fcXEs3f,2022-11-01T16:48:00+00:00
19EaRr9jjlNMh0kw,2022-11-01T15:01:00+00:00
y9QlSCu3S3wSdkcb,2022-11-01T13:03:00+00:00
AhCqJSzFU71v2b57,2022-11-01T02:49:00+00:00
hcwJqENHdjvSmsOz,2022-11-01T00:53:00+00:00
opRzkFbihS3CvYlG,2022-10-31T17:48:00+00:00
y9QlSCu3S3wSdkcb,2022-10-30T14:16:00+00:00
hcwJqENHdjvSmsOz,2022-10-30T10:34:00+00:00
hcwJqENHdjvSmsOz,2022-10-29T15:13:00+00:00
nOONUmGqzY8PK69i,2022-10-29T14:11:00+00:00
nOONUmGqzY8PK69i,2022-10-29T04:48:00+00:00
19EaRr9jjlNMh0kw,2022-10-28T19:40:00+00:00
hcwJqENHdjvSmsOz,2022-10-28T19:28:00+00:00
VDpGToBF5fcXEs3f,2022-10-28T06:25:00+00:00
nOONUmGqzY8PK69i,2022-10-27T23:42:00+00:00
nOONUmGqzY8PK69i,2022-10-27T17:01:00+00:00
KyAg0ul0NM7RQD5u,2022-10-27T15:22:00+00:00
VDpGToBF5fcXEs3f,2022-10-27T12:24:00+00:00
opRzkFbihS3CvYlG,2022-10-27T12:18:00+00:00
ZQcGwUukCq9onPwA,2022-10-26T10:09:00+00:00
opRzkFbihS3CvYlG,2022-10-26T09:12:00+00:00
hcwJqENHdjvSmsOz,2022-10-26T07:52:00+00:00
VDpGToBF5fcXEs3f,2022-10-25T13:56:00+00:00
KlbgkbAJrybotlwa,2022-10-25T12:20:00+00:00
hcwJqENHdjvSmsOz,2022-10-25T00:46:00+00:00
opRzkFbihS3CvYlG,2022-10-25T00:15:00+00:00
AhCqJSzFU71v2b57,2022-10-24T12:58:00+00:00
AhCqJSzFU71v2b57,2022-10-24T05:38:00+00:00
VDpGToBF5fcXEs3f,2022-10-23T18:23:00+00:00
opRzkFbihS3CvYlG,2022-10-23T17:36:00+00:00
AhCqJSzFU71v2b57,2022-10-23T16:29:00+00:00
opRzkFbihS3CvYlG,2022-10-22T16:39:00+00:00
ZQcGwUukCq9onPwA,2022-10-22T14:16:00+00:00
opRzkFbihS3CvYlG,2022-10-22T03:17:00+00:00
KyAg0ul0NM7RQD5u,2022-10-21T21:51:00+00:00
hcwJqENHdjvSmsOz,2022-10-21T11:20:00+00:00
nOONUmGqzY8PK69i,2022-10-21T06:23:00+00:00
ZQcGwUukCq9onPwA,2022-10-21T04:50:00+00:00
opRzkFbihS3CvYlG,2022-10-20T17:43:00+00:00
KlbgkbAJrybotlwa,2022-10-20T16:30:00+00:00
VDpGToBF5fcXEs3f,2022-10-20T07:54:00+00:00
hcwJqENHdjvSmsOz,2022-10-19T17:16:00+00:00
AhCqJSzFU71v2b57,2022-10-19T02:46:00+00:00
19EaRr9jjlNMh0kw,2022-10-18T19:19:00+00:00
19EaRr9jjlNMh0kw,2022-10-18T15:37:00+00:00
19EaRr9jjlNMh0kw,2022-10-17T23:08:00+00:00
ZQcGwUukCq9onPwA,2022-10-17T13:18:00+00:00
AhCqJSzFU71v2b57,2022-10-16T17:07:00+00:00
hcwJqENHdjvSmsOz,2022-10-16T09:53:00+00:00
opRzkFbihS3CvYlG,2022-10-16T06:02:00+00:00
nOONUmGqzY8PK69i,2022-10-16T04:09:00+00:00
nOONUmGqzY8PK69i,2022-10-16T00:41:00+00:00
ZQcGwUukCq9onPwA,2022-10-15T18:16:00+00:00
opRzkFbihS3CvYlG,2022-10-15T14:34:00+00:00
y9QlSCu3S3wSdkcb,2022-10-15T10:12:00+00:00
19EaRr9jjlNMh0kw,2022-10-15T08:12:00+00:00
ZQcGwUukCq9onPwA,2022-10-13T15:18:00+00:00
opRzkFbihS3CvYlG,2022-10-13T07:28:00+00:00
19EaRr9jjlNMh0kw,2022-10-12T21:11:00+00:00
KlbgkbAJrybotlwa,2022-10-12T19:39:00+00:00
y9QlSCu3S3wSdkcb,2022-10-12T19:06:00+00:00
VDpGToBF5fcXEs3f,2022-10-12T18:24:00+00:00
VDpGToBF5fcXEs3f,2022-10-10T06:25:00+00:00
nOONUmGqzY8PK69i,2022-10-09T22:52:00+00:00
19EaRr9jjlNMh0kw,2022-10-09T12:06:00+00:00
AhCqJSzFU71v2b57,2022-10-09T08:50:00+00:00
nOONUmGqzY8PK69i,2022-10-08T06:31:00+00:00
AhCqJSzFU71v2b57,2022-10-07T12:13:00+00:00
AhCqJSzFU71v2b57,2022-10-07T05:14:00+00:00
hcwJqENHdjvSmsOz,2022-10-07T04:59:00+00:00
opRzkFbihS3CvYlG,2022-10-06T16:45:00+00:00
KyAg0ul0NM7RQD5u,2022-10-06T16:06:00+00:00
AhCqJSzFU71v2b57,2022-10-05T12:41:00+00:00
opRzkFbihS3CvYlG,2022-10-05T10:12:00+00:00
y9QlSCu3S3wSdkcb,2022-10-05T01:54:00+00:00
hcwJqENHdjvSmsOz,2022-10-04T20:35:00+00:00
nOONUmGqzY8PK69i,2022-10-04T18:55:00+00:00
hcwJqENHdjvSmsOz,2022-10-04T18:38:00+00:00
KlbgkbAJrybotlwa,2022-10-04T15:09:00+00:00
y9QlSCu3S3wSdkcb,2022-10-03T10:38:00+00:00
VDpGToBF5fcXEs3f,2022-10-02T22:29:00+00:00
VDpGToBF5fcXEs3f,2022-10-02T19:45:00+00:00
nOONUmGqzY8PK69i,2022-10-02T12:54:00+00:00
KlbgkbAJrybotlwa,2022-10-02T12:45:00+00:00
KyAg0ul0NM7RQD5u,2022-10-01T11:25:00+00:00
opRzkFbihS3CvYlG,2022-09-31T20:30:00+00:00
nOONUmGqzY8PK69i,2022-09-31T11:38:00+00:00
opRzkFbihS3CvYlG,2022-09-30T03:24:00+00:00
hcwJqENHdjvSmsOz,2022-09-30T00:11:00+00:00
y9QlSCu3S3wSdkcb,2022-09-29T10:17:00+00:00
y9QlSCu3S3wSdkcb,2022-09-29T10:09:00+00:00
KlbgkbAJrybotlwa,2022-09-29T09:43:00+00:00
opRzkFbihS3CvYlG,2022-09-29T09:23:00+00:00
KlbgkbAJrybotlwa,2022-09-28T23:25:00+00:00
19EaRr9jjlNMh0kw,2022-09-28T19:19:00+00:00
VDpGToBF5fcXEs3f,2022-09-28T06:26:00+00:00
nOONUmGqzY8PK69i,2022-09-28T02:42:00+00:00
KlbgkbAJrybotlwa,2022-09-27T02:25:00+00:00
19EaRr9jjlNMh0kw,2022-09-27T01:28:00+00:00
KyAg0ul0NM7RQD5u,2022-09-27T00:38:00+00:00
VDpGToBF5fcXEs3f,2022-09-26T14:23:00+00:00
AhCqJSzFU71v2b57,2022-09-26T12:34:00+00:00
y9QlSCu3S3wSdkcb,2022-09-25T09:26:00+00:00
AhCqJSzFU71v2b57,2022-09-25T02:10:00+00:00
ZQcGwUukCq9onPwA,2022-09-24T18:56:00+00:00
y9QlSCu3S3wSdkcb,2022-09-23T19:59:00+00:00
KlbgkbAJrybotlwa,2022-09-22T05:20:00+00:00
KlbgkbAJrybotlwa,2022-09-21T20:03:00+00:00
ZQcGwUukCq9onPwA,2022-09-21T07:08:00+00:00
ZQcGwUukCq9onPwA,2022-09-21T03:00:00+00:00
AhCqJSzFU71v2b57,2022-09-21T02:22:00+00:00
19EaRr9jjlNMh0kw,2022-09-21T00:36:00+00:00
KyAg0ul0NM7RQD5u,2022-09-20T13:01:00+00:00
hcwJqENHdjvSmsOz,2022-09-19T12:40:00+00:00
ZQcGwUukCq9onPwA,2022-09-19T04:48:00+00:00
y9QlSCu3S3wSdkcb,2022-09-19T03:28:00+00:00
hcwJqENHdjvSmsOz,2022-09-19T01:33:00+00:00
ZQcGwUukCq9onPwA,2022-09-18T17:36:00+00:00
VDpGToBF5fcXEs3f,2022-09-18T12:40:00+00:00
hcwJqENHdjvSmsOz,2022-09-17T14:12:00+00:00
ZQcGwUukCq9onPwA,2022-09-17T00:17:00+00:00
hcwJqENHdjvSmsOz,2022-09-16T21:00:00+00:00
hcwJqENHdjvSmsOz,2022-09-16T15:24:00+00:00
hcwJqENHdjvSmsOz,2022-09-15T07:05:00+00:00
AhCqJSzFU71v2b57,2022-09-15T02:34:00+00:00
y9QlSCu3S3wSdkcb,2022-09-14T18:50:00+00:00
ZQcGwUukCq9onPwA,2022-09-14T13:55:00+00:00
y9QlSCu3S3wSdkcb,2022-09-14T13:38:00+00:00
opRzkFbihS3CvYlG,2022-09-14T07:53:00+00:00
y9QlSCu3S3wSdkcb,2022-09-14T06:31:00+00:00
KyAg0ul0NM7RQD5u,2022-09-14T00:01:00+00:00
ZQcGwUukCq9onPwA,2022-09-13T15:18:00+00:00
KyAg0ul0NM7RQD5u,2022-09-13T09:53:00+00:00
y9QlSCu3S3wSdkcb,2022-09-12T19:12:00+00:00
AhCqJSzFU71v2b57,2022-09-12T13:36:00+00:00
y9QlSCu3S3wSdkcb,2022-09-12T03:58:00+00:00
opRzkFbihS3CvYlG,2022-09-10T10:54:00+00:00
y9QlSCu3S3wSdkcb,2022-09-10T07:18:00+00:00
19EaRr9jjlNMh0kw,2022-09-09T21:10:00+00:00
hcwJqENHdjvSmsOz,2022-09-09T16:52:00+00:00
19EaRr9jjlNMh0kw,2022-09-09T16:02:00+00:00
KlbgkbAJrybotlwa,2022-09-08T19:24:00+00:00
hcwJqENHdjvSmsOz,2022-09-08T17:59:00+00:00
ZQcGwUukCq9onPwA,2022-09-08T16:08:00+00:00
hcwJqENHdjvSmsOz,2022-09-08T04:51:00+00:00
nOONUmGqzY8PK69i,2022-09-07T22:29:00+00:00
VDpGToBF5fcXEs3f,2022-09-06T18:02:00+00:00
VDpGToBF5fcXEs3f,2022-09-06T06:50:00+00:00
ZQcGwUukCq9onPwA,2022-09-06T01:04:00+00:00
opRzkFbihS3CvYlG,2022-09-05T21:35:00+00:00
KyAg0ul0NM7RQD5u,2022-09-04T17:07:00+00:00
hcwJqENHdjvSmsOz,2022-09-04T12:36:00+00:00
opRzkFbihS3CvYlG,2022-09-04T12:25:00+00:00
KlbgkbAJrybotlwa,2022-09-04T08:19:00+00:00
opRzkFbihS3CvYlG,2022-09-04T02:42:00+00:00
opRzkFbihS3CvYlG,2022-09-04T00:05:00+00:00
19EaRr9jjlNMh0kw,2022-09-03T22:06:00+00:00
nOONUmGqzY8PK69i,2022-09-03T19:30:00+00:00
ZQcGwUukCq9onPwA,2022-09-03T15:12:00+00:00
19EaRr9jjlNMh0kw,2022-09-03T11:40:00+00:00
19EaRr9jjlNMh0kw,2022-09-03T04:13:00+00:00
KyAg0ul0NM7RQD5u,2022-09-02T18:50:00+00:00
y9QlSCu3S3wSdkcb,2022-09-02T16:31:00+00:00
nOONUmGqzY8PK69i,2022-09-02T11:28:00+00:00
hcwJqENHdjvSmsOz,2022-09-02T04:45:00+00:00
ZQcGwUukCq9onPwA,2022-09-02T02:20:00+00:00
opRzkFbihS3CvYlG,2022-09-01T17:56:00+00:00
opRzkFbihS3CvYlG,2022-09-01T04:09:00+00:00
opRzkFbihS3CvYlG,2022-08-30T14:00:00+00:00
y9QlSCu3S3wSdkcb,2022-08-29T21:04:00+00:00
AhCqJSzFU71v2b57,2022-08-29T18:56:00+00:00
hcwJqENHdjvSmsOz,2022-08-28T20:16:00+00:00
opRzkFbihS3CvYlG,2022-08-28T18:56:00+00:00
AhCqJSzFU71v2b57,2022-08-28T13:33:00+00:00
KyAg0ul0NM7RQD5u,2022-08-28T02:17:00+00:00
nOONUmGqzY8PK69i,2022-08-27T13:46:00+00:00
opRzkFbihS3CvYlG,2022-08-27T09:22:00+00:00
opRzkFbihS3CvYlG,2022-08-27T04:26:00+00:00
VDpGToBF5fcXEs3f,2022-08-27T01:35:00+00:00
nOONUmGqzY8PK69i,2022-08-26T05:21:00+00:00
KyAg0ul0NM7RQD5u,2022-08-24T18:32:00+00:00
KlbgkbAJrybotlwa,2022-08-24T14:29:00+00:00
VDpGToBF5fcXEs3f,2022-08-24T12:12:00+00:00
opRzkFbihS3CvYlG,2022-08-23T23:32:00+00:00
19EaRr9jjlNMh0kw,2022-08-23T07:58:00+00:00
AhCqJSzFU71v2b57,2022-08-23T07:41:00+00:00
VDpGToBF5fcXEs3f,2022-08-22T11:00:00+00:00
KyAg0ul0NM7RQD5u,2022-08-22T03:05:00+00:00
19EaRr9jjlNMh0kw,2022-08-22T02:02:00+00:00
19EaRr9jjlNMh0kw,2022-08-21T21:03:00+00:00
hcwJqENHdjvSmsOz,2022-08-21T14:18:00+00:00
nOONUmGqzY8PK69i,2022-08-21T10:06:00+00:00
VDpGToBF5fcXEs3f,2022-08-21T05:17:00+00:00
AhCqJSzFU71v2b57,2022-08-21T04:00:00+00:00
VDpGToBF5fcXEs3f,2022-08-20T19:11:00+00:00
19EaRr9jjlNMh0kw,2022-08-20T19:11:00+00:00
KyAg0ul0NM7RQD5u,2022-08-20T03:26:00+00:00
hcwJqENHdjvSmsOz,2022-08-19T17:40:00+00:00
KyAg0ul0NM7RQD5u,2022-08-18T20:44:00+00:00
opRzkFbihS3CvYlG,2022-08-18T19:37:00+00:00
y9QlSCu3S3wSdkcb,2022-08-18T14:33:00+00:00
KlbgkbAJrybotlwa,2022-08-18T11:10:00+00:00
ZQcGwUukCq9onPwA,2022-08-18T09:52:00+00:00
ZQcGwUukCq9onPwA,2022-08-18T03:15:00+00:00
VDpGToBF5fcXEs3f,2022-08-18T02:02:00+00:00
AhCqJSzFU71v2b57,2022-08-17T23:26:00+00:00
VDpGToBF5fcXEs3f,2022-08-17T21:52:00+00:00
y9QlSCu3S3wSdkcb,2022-08-17T17:10:00+00:00
VDpGToBF5fcXEs3f,2022-08-17T06:10:00+00:00
AhCqJSzFU71v2b57,2022-08-17T01:24:00+00:00
y9QlSCu3S3wSdkcb,2022-08-16T09:37:00+00:00
y9QlSCu3S3wSdkcb,2022-08-15T20:49:00+00:00
KlbgkbAJrybotlwa,2022-08-15T15:10:00+00:00
y9QlSCu3S3wSdkcb,2022-08-15T04:01:00+00:00
ZQcGwUukCq9onPwA,2022-08-14T17:20:00+00:00
AhCqJSzFU71v2b57,2022-08-13T10:56:00+00:00
VDpGToBF5fcXEs3f,2022-08-13T00:44:00+00:00
VDpGToBF5fcXEs3f,2022-08-12T17:55:00+00:00
19EaRr9jjlNMh0kw,2022-08-12T16:02:00+00:00
nOONUmGqzY8PK69i,2022-08-12T14:56:00+00:00
VDpGToBF5fcXEs3f,2022-08-12T12:33:00+00:00
ZQcGwUukCq9onPwA,2022-08-12T08:37:00+00:00
KyAg0ul0NM7RQD5u,2022-08-11T15:07:00+00:00
AhCqJSzFU71v2b57,2022-08-11T14:15:00+00:00
y9QlSCu3S3wSdkcb,2022-08-10T21:41:00+00:00
ZQcGwUukCq9onPwA,2022-08-10T14:01:00+00:00
hcwJqENHdjvSmsOz,2022-08-10T10:58:00+00:00
VDpGToBF5fcXEs3f,2022-08-10T08:26:00+00:00
opRzkFbihS3CvYlG,2022-08-09T11:17:00+00:00
AhCqJSzFU71v2b57,2022-08-09T04:59:00+00:00
KyAg0ul0NM7RQD5u,2022-08-09T02:01:00+00:00
opRzkFbihS3CvYlG,2022-08-09T01:44:00+00:00
KyAg0ul0NM7RQD5u,2022-08-07T16:37:00+00:00
AhCqJSzFU71v2b57,2022-08-07T16:10:00+00:00
19EaRr9jjlNMh0kw,2022-08-06T17:43:00+00:00
AhCqJSzFU71v2b57,2022-08-06T07:20:00+00:00
VDpGToBF5fcXEs3f,2022-08-05T18:29:00+00:00
AhCqJSzFU71v2b57,2022-08-05T14:48:00+00:00
hcwJqENHdjvSmsOz,2022-08-05T00:26:00+00:00
y9QlSCu3S3wSdkcb,2022-08-04T23:36:00+00:00
hcwJqENHdjvSmsOz,2022-08-04T05:35:00+00:00
opRzkFbihS3CvYlG,2022-08-04T01:02:00+00:00
KlbgkbAJrybotlwa,2022-08-02T22:14:00+00:00
KyAg0ul0NM7RQD5u,2022-08-01T07:56:00+00:00
19EaRr9jjlNMh0kw,2022-08-01T00:28:00+00:00
KyAg0ul0NM7RQD5u,2022-07-31T06:01:00+00:00
KlbgkbAJrybotlwa,2022-07-31T00:31:00+00:00
nOONUmGqzY8PK69i,2022-07-30T13:05:00+00:00
KlbgkbAJrybotlwa,2022-07-30T11:39:00+00:00
19EaRr9jjlNMh0kw,2022-07-30T11:07:00+00:00
VDpGToBF5fcXEs3f,2022-07-29T21:13:00+00:00
19EaRr9jjlNMh0kw,2022-07-29T20:03:00+00:00
nOONUmGqzY8PK69i,2022-07-29T19:22:00+00:00
nOONUmGqzY8PK69i,2022-07-29T08:20:00+00:00
VDpGToBF5fcXEs3f,2022-07-28T20:42:00+00:00
ZQcGwUukCq9onPwA,2022-07-28T15:47:00+00:00
VDpGToBF5fcXEs3f,2022-07-28T14:37:00+00:00
hcwJqENHdjvSmsOz,2022-07-28T13:51:00+00:00
ZQcGwUukCq9onPwA,2022-07-28T11:07:00+00:00
nOONUmGqzY8PK69i,2022-07-28T05:08:00+00:00
nOONUmGqzY8PK69i,2022-07-27T22:46:00+00:00
nOONUmGqzY8PK69i,2022-07-27T22:26:00+00:00
VDpGToBF5fcXEs3f,2022-07-27T20:43:00+00:00
nOONUmGqzY8PK69i,2022-07-26T18:30:00+00:00
KlbgkbAJrybotlwa,2022-07-26T09:44:00+00:00
19EaRr9jjlNMh0kw,2022-07-26T07:40:00+00:00
AhCqJSzFU71v2b57,2022-07-26T04:57:00+00:00
KyAg0ul0NM7RQD5u,2022-07-26T02:47:00+00:00
VDpGToBF5fcXEs3f,2022-07-25T23:25:00+00:00
KlbgkbAJrybotlwa,2022-07-25T12:42:00+00:00
y9QlSCu3S3wSdkcb,2022-07-25T11:51:00+00:00
ZQcGwUukCq9onPwA,2022-07-25T01:32:00+00:00
KlbgkbAJrybotlwa,2022-07-24T23:37:00+00:00
AhCqJSzFU71v2b57,2022-07-24T18:13:00+00:00
nOONUmGqzY8PK69i,2022-07-23T04:22:00+00:00
hcwJqENHdjvSmsOz,2022-07-23T03:23:00+00:00
AhCqJSzFU71v2b57,2022-07-22T07:08:00+00:00
KlbgkbAJrybotlwa,2022-07-21T23:12:00+00:00
ZQcGwUukCq9onPwA,2022-07-21T06:29:00+00:00
VDpGToBF5fcXEs3f,2022-07-20T16:39:00+00:00
hcwJqENHdjvSmsOz,2022-07-20T06:47:00+00:00
KyAg0ul0NM7RQD5u,2022-07-19T00:14:00+00:00
y9QlSCu3S3wSdkcb,2022-07-18T18:48:00+00:00
ZQcGwUukCq9onPwA,2022-07-18T15:10:00+00:00
opRzkFbihS3CvYlG,2022-07-18T01:50:00+00:00
y9QlSCu3S3wSdkcb,2022-07-17T21:02:00+00:00
VDpGToBF5fcXEs3f,2022-07-17T10:03:00+00:00
y9QlSCu3S3wSdkcb,2022-07-17T09:10:00+00:00
KyAg0ul0NM7RQD5u,2022-07-17T08:33:00+00:00
AhCqJSzFU71v2b57,2022-07-17T07:53:00+00:00
VDpGToBF5fcXEs3f,2022-07-17T03:32:00+00:00
hcwJqENHdjvSmsOz,2022-07-17T00:57:00+00:00
hcwJqENHdjvSmsOz,2022-07-16T05:34:00+00:00
KyAg0ul0NM7RQD5u,2022-07-15T22:27:00+00:00
opRzkFbihS3CvYlG,2022-07-15T20:43:00+00:00
ZQcGwUukCq9onPwA,2022-07-15T16:41:00+00:00
AhCqJSzFU71v2b57,2022-07-15T16:20:00+00:00
KlbgkbAJrybotlwa,2022-07-15T08:27:00+00:00
y9QlSCu3S3wSdkcb,2022-07-15T02:28:00+00:00
AhCqJSzFU71v2b57,2022-07-14T21:31:00+00:00
19EaRr9jjlNMh0kw,2022-07-14T16:35:00+00:00
19EaRr9jjlNMh0kw,2022-07-13T18:27:00+00:00
hcwJqENHdjvSmsOz,2022-07-13T05:30:00+00:00
VDpGToBF5fcXEs3f,2022-07-12T12:52:00+00:00
KyAg0ul0NM7RQD5u,2022-07-12T04:15:00+00:00
hcwJqENHdjvSmsOz,2022-07-12T00:01:00+00:00
KyAg0ul0NM7RQD5u,2022-07-11T14:00:00+00:00
y9QlSCu3S3wSdkcb,2022-07-11T05:28:00+00:00
y9QlSCu3S3wSdkcb,2022-07-10T15:07:00+00:00
opRzkFbihS3CvYlG,2022-07-10T05:11:00+00:00
opRzkFbihS3CvYlG,2022-07-10T03:33:00+00:00
KyAg0ul0NM7RQD5u,2022-07-10T02:56:00+00:00
KyAg0ul0NM7RQD5u,2022-07-10T02:16:00+00:00
VDpGToBF5fcXEs3f,2022-07-09T21:21:00+00:00
ZQcGwUukCq9onPwA,2022-07-08T19:57:00+00:00
hcwJqENHdjvSmsOz,2022-07-08T10:06:00+00:00
y9QlSCu3S3wSdkcb,2022-07-08T00:01:00+00:00
KlbgkbAJrybotlwa,2022-07-07T00:21:00+00:00
hcwJqENHdjvSmsOz,2022-07-06T23:49:00+00:00
KlbgkbAJrybotlwa,2022-07-06T21:31:00+00:00
opRzkFbihS3CvYlG,2022-07-06T06:20:00+00:00
KyAg0ul0NM7RQD5u,2022-07-06T01:52:00+00:00
opRzkFbihS3CvYlG,2022-07-05T06:06:00+00:00
KlbgkbAJrybotlwa,2022-07-05T03:34:00+00:00
19EaRr9jjlNMh0kw,2022-07-04T14:52:00+00:00
hcwJqENHdjvSmsOz,2022-07-04T13:35:00+00:00
19EaRr9jjlNMh0kw,2022-07-04T10:20:00+00:00
KyAg0ul0NM7RQD5u,2022-07-04T02:49:00+00:00
nOONUmGqzY8PK69i,2022-07-03T04:46:00+00:00
AhCqJSzFU71v2b57,2022-07-03T02:51:00+00:00
ZQcGwUukCq9onPwA,2022-07-03T02:21:00+00:00
KyAg0ul0NM7RQD5u,2022-07-02T21:18:00+00:00
opRzkFbihS3CvYlG,2022-07-02T20:10:00+00:00
KyAg0ul0NM7RQD5u,2022-07-02T14:00:00+00:00
opRzkFbihS3CvYlG,2022-07-01T18:49:00+00:00
KyAg0ul0NM7RQD5u,2022-07-01T17:11:00+00:00
VDpGToBF5fcXEs3f,2022-07-01T10:54:00+00:00
19EaRr9jjlNMh0kw,2022-06-31T22:50:00+00:00
y9QlSCu3S3wSdkcb,2022-06-29T01:07:00+00:00
opRzkFbihS3CvYlG,2022-06-28T18:08:00+00:00
opRzkFbihS3CvYlG,2022-06-28T16:19:00+00:00
ZQcGwUukCq9onPwA,2022-06-28T09:25:00+00:00
VDpGToBF5fcXEs3f,2022-06-28T01:46:00+00:00
hcwJqENHdjvSmsOz,2022-06-27T23:59:00+00:00
AhCqJSzFU71v2b57,2022-06-27T16:15:00+00:00
KyAg0ul0NM7RQD5u,2022-06-27T10:38:00+00:00
y9QlSCu3S3wSdkcb,2022-06-27T07:57:00+00:00
ZQcGwUukCq9onPwA,2022-06-27T05:49:00+00:00
y9QlSCu3S3wSdkcb,2022-06-27T02:04:00+00:00
y9QlSCu3S3wSdkcb,2022-06-26T13:10:00+00:00
AhCqJSzFU71v2b57,2022-06-24T21:44:00+00:00
KlbgkbAJrybotlwa,2022-06-24T16:12:00+00:00
KyAg0ul0NM7RQD5u,2022-06-24T07:59:00+00:00
opRzkFbihS3CvYlG,2022-06-24T03:00:00+00:00
hcwJqENHdjvSmsOz,2022-06-23T23:52:00+00:00
ZQcGwUukCq9onPwA,2022-06-23T21:06:00+00:00
KyAg0ul0NM7RQD5u,2022-06-23T02:30:00+00:00
hcwJqENHdjvSmsOz,2022-06-22T13:15:00+00:00
19EaRr9jjlNMh0kw,2022-06-21T19:59:00+00:00
VDpGToBF5fcXEs3f,2022-06-21T17:43:00+00:00
y9QlSCu3S3wSdkcb,2022-06-20T23:20:00+00:00
AhCqJSzFU71v2b57,2022-06-20T19:50:00+00:00
KlbgkbAJrybotlwa,2022-06-20T11:30:00+00:00
KlbgkbAJrybotlwa,2022-06-20T10:36:00+00:00
hcwJqENHdjvSmsOz,2022-06-20T07:33:00+00:00
KyAg0ul0NM7RQD5u,2022-06-18T03:53:00+00:00
KyAg0ul0NM7RQD5u,2022-06-18T00:38:00+00:00
nOONUmGqzY8PK69i,2022-06-17T23:46:00+00:00
AhCqJSzFU71v2b57,2022-06-17T19:40:00+00:00
hcwJqENHdjvSmsOz,2022-06-17T09:44:00+00:00
VDpGToBF5fcXEs3f,2022-06-17T07:14:00+00:00
KyAg0ul0NM7RQD5u,2022-06-16T08:50:00+00:00
KyAg0ul0NM7RQD5u,2022-06-14T21:57:00+00:00
KyAg0ul0NM7RQD5u,2022-06-14T11:11:00+00:00
KyAg0ul0NM7RQD5u,2022-06-14T10:38:00+00:00
nOONUmGqzY8PK69i,2022-06-14T09:12:00+00:00
hcwJqENHdjvSmsOz,2022-06-14T09:02:00+00:00
ZQcGwUukCq9onPwA,2022-06-14T02:40:00+00:00
KyAg0ul0NM7RQD5u,2022-06-14T01:32:00+00:00
KlbgkbAJrybotlwa,2022-06-13T17:06:00+00:00
VDpGToBF5fcXEs3f,2022-06-13T12:11:00+00:00
y9QlSCu3S3wSdkcb,2022-06-13T00:56:00+00:00
hcwJqENHdjvSmsOz,2022-06-13T00:10:00+00:00
ZQcGwUukCq9onPwA,2022-06-12T08:44:00+00:00
19EaRr9jjlNMh0kw,2022-06-12T06:12:00+00:00
VDpGToBF5fcXEs3f,2022-06-12T01:28:00+00:00
KlbgkbAJrybotlwa,2022-06-11T19:52:00+00:00
y9QlSCu3S3wSdkcb,2022-06-11T12:11:00+00:00
y9QlSCu3S3wSdkcb,2022-06-10T20:25:00+00:00
KyAg0ul0NM7RQD5u,2022-06-10T20:16:00+00:00
KyAg0ul0NM7RQD5u,2022-06-10T19:32:00+00:00
opRzkFbihS3CvYlG,2022-06-10T17:46:00+00:00
y9QlSCu3S3wSdkcb,2022-06-09T15:22:00+00:00
ZQcGwUukCq9onPwA,2022-06-09T08:40:00+00:00
AhCqJSzFU71v2b57,2022-06-08T22:27:00+00:00
hcwJqENHdjvSmsOz,2022-06-08T21:59:00+00:00
AhCqJSzFU71v2b57,2022-06-08T20:06:00+00:00
nOONUmGqzY8PK69i,2022-06-08T05:55:00+00:00
KlbgkbAJrybotlwa,2022-06-07T20:16:00+00:00
ZQcGwUukCq9onPwA,2022-06-07T18:12:00+00:00
KyAg0ul0NM7RQD5u,2022-06-07T17:50:00+00:00
y9QlSCu3S3wSdkcb,2022-06-07T17:16:00+00:00
VDpGToBF5fcXEs3f,2022-06-07T11:29:00+00:00
KyAg0ul0NM7RQD5u,2022-06-07T01:23:00+00:00
KlbgkbAJrybotlwa,2022-06-06T18:50:00+00:00
opRzkFbihS3CvYlG,2022-06-06T11:58:00+00:00
ZQcGwUukCq9onPwA,2022-06-06T06:48:00+00:00
opRzkFbihS3CvYlG,2022-06-05T09:37:00+00:00
nOONUmGqzY8PK69i,2022-06-04T16:57:00+00:00
ZQcGwUukCq9onPwA,2022-06-04T01:30:00+00:00
opRzkFbihS3CvYlG,2022-06-04T01:06:00+00:00
ZQcGwUukCq9onPwA,2022-06-04T00:20:00+00:00
KyAg0ul0NM7RQD5u,2022-06-03T17:24:00+00:00
opRzkFbihS3CvYlG,2022-06-03T06:04:00+00:00
19EaRr9jjlNMh0kw,2022-06-02T18:52:00+00:00
AhCqJSzFU71v2b57,2022-06-02T17:57:00+00:00
nOONUmGqzY8PK69i,2022-06-02T09:27:00+00:00
AhCqJSzFU71v2b57,2022-06-02T00:07:00+00:00
y9QlSCu3S3wSdkcb,2022-05-31T21:53:00+00:00
ZQcGwUukCq9onPwA,2022-05-31T07:02:00+00:00
ZQcGwUukCq9onPwA,2022-05-30T08:12:00+00:00
nOONUmGqzY8PK69i,2022-05-30T05:38:00+00:00
KyAg0ul0NM7RQD5u,2022-05-29T21:04:00+00:00
19EaRr9jjlNMh0kw,2022-05-29T19:53:00+00:00
hcwJqENHdjvSmsOz,2022-05-28T13:27:00+00:00
VDpGToBF5fcXEs3f,2022-05-28T05:53:00+00:00
nOONUmGqzY8PK69i,2022-05-27T10:13:00+00:00
y9QlSCu3S3wSdkcb,2022-05-26T23:48:00+00:00
VDpGToBF5fcXEs3f,2022-05-26T19:26:00+00:00
VDpGToBF5fcXEs3f,2022-05-26T07:28:00+00:00
KlbgkbAJrybotlwa,2022-05-26T02:09:00+00:00
ZQcGwUukCq9onPwA,2022-05-25T09:46:00+00:00
ZQcGwUukCq9onPwA,2022-05-24T16:37:00+00:00
KyAg0ul0NM7RQD5u,2022-05-24T13:34:00+00:00
y9QlSCu3S3wSdkcb,2022-05-24T11:17:00+00:00
nOONUmGqzY8PK69i,2022-05-23T06:45:00+00:00
KyAg0ul0NM7RQD5u,2022-05-23T04:56:00+00:00
ZQcGwUukCq9onPwA,2022-05-23T03:34:00+00:00
AhCqJSzFU71v2b57,2022-05-23T00:00:00+00:00
19EaRr9jjlNMh0kw,2022-05-22T19:49:00+00:00
hcwJqENHdjvSmsOz,2022-05-22T07:04:00+00:00
19EaRr9jjlNMh0kw,2022-05-22T04:03:00+00:00
AhCqJSzFU71v2b57,2022-05-22T00:27:00+00:00
nOONUmGqzY8PK69i,2022-05-21T22:26:00+00:00
opRzkFbihS3CvYlG,2022-05-21T01:58:00+00:00
KyAg0ul0NM7RQD5u,2022-05-21T00:30:00+00:00
VDpGToBF5fcXEs3f,2022-05-20T19:50:00+00:00
VDpGToBF5fcXEs3f,2022-05-20T14:58:00+00:00
hcwJqENHdjvSmsOz,2022-05-20T06:07:00+00:00
opRzkFbihS3CvYlG,2022-05-19T23:14:00+00:00
KyAg0ul0NM7RQD5u,2022-05-19T21:36:00+00:00
nOONUmGqzY8PK69i,2022-05-19T20:22:00+00:00
ZQcGwUukCq9onPwA,2022-05-19T13:56:00+00:00
nOONUmGqzY8PK69i,2022-05-19T12:50:00+00:00
VDpGToBF5fcXEs3f,2022-05-19T11:06:00+00:00
19EaRr9jjlNMh0kw,2022-05-19T08:46:00+00:00
KlbgkbAJrybotlwa,2022-05-19T06:11:00+00:00
AhCqJSzFU71v2b57,2022-05-19T04:52:00+00:00
ZQcGwUukCq9onPwA,2022-05-18T22:47:00+00:00
KlbgkbAJrybotlwa,2022-05-18T16:12:00+00:00
AhCqJSzFU71v2b57,2022-05-18T15:09:00+00:00
KyAg0ul0NM7RQD5u,2022-05-18T06:21:00+00:00
ZQcGwUukCq9onPwA,2022-05-18T04:41:00+00:00
opRzkFbihS3CvYlG,2022-05-18T02:43:00+00:00
VDpGToBF5fcXEs3f,2022-05-17T22:47:00+00:00
ZQcGwUukCq9onPwA,2022-05-17T08:41:00+00:00
y9QlSCu3S3wSdkcb,2022-05-17T07:50:00+00:00
KlbgkbAJrybotlwa,2022-05-16T20:53:00+00:00
KlbgkbAJrybotlwa,2022-05-16T10:07:00+00:00
VDpGToBF5fcXEs3f,2022-05-15T17:53:00+00:00
y9QlSCu3S3wSdkcb,2022-05-15T07:14:00+00:00
KyAg0ul0NM7RQD5u,2022-05-15T06:10:00+00:00
19EaRr9jjlNMh0kw,2022-05-15T04:24:00+00:00
opRzkFbihS3CvYlG,2022-05-15T04:22:00+00:00
opRzkFbihS3CvYlG,2022-05-15T02:18:00+00:00
KyAg0ul0NM7RQD5u,2022-05-14T19:37:00+00:00
VDpGToBF5fcXEs3f,2022-05-14T15:06:00+00:00
hcwJqENHdjvSmsOz,2022-05-14T02:16:00+00:00
VDpGToBF5fcXEs3f,2022-05-13T12:39:00+00:00
ZQcGwUukCq9onPwA,2022-05-13T09:31:00+00:00
nOONUmGqzY8PK69i,2022-05-13T08:04:00+00:00
y9QlSCu3S3wSdkcb,2022-05-13T01:36:00+00:00
VDpGToBF5fcXEs3f,2022-05-13T00:57:00+00:00
opRzkFbihS3CvYlG,2022-05-12T11:10:00+00:00
nOONUmGqzY8PK69i,2022-05-12T06:57:00+00:00
ZQcGwUukCq9onPwA,2022-05-12T03:11:00+00:00
KyAg0ul0NM7RQD5u,2022-05-11T15:48:00+00:00
y9QlSCu3S3wSdkcb,2022-05-11T09:52:00+00:00
VDpGToBF5fcXEs3f,2022-05-10T18:38:00+00:00
opRzkFbihS3CvYlG,2022-05-10T14:32:00+00:00
ZQcGwUukCq9onPwA,2022-05-10T12:28:00+00:00
AhCqJSzFU71v2b57,2022-05-09T07:40:00+00:00
hcwJqENHdjvSmsOz,2022-05-08T13:12:00+00:00
AhCqJSzFU71v2b57,2022-05-08T03:03:00+00:00
nOONUmGqzY8PK69i,2022-05-06T09:39:00+00:00
y9QlSCu3S3wSdkcb,2022-05-05T20:36:00+00:00
hcwJqENHdjvSmsOz,2022-05-05T15:33:00+00:00
ZQcGwUukCq9onPwA,2022-05-05T07:02:00+00:00
VDpGToBF5fcXEs3f,2022-05-04T21:48:00+00:00
nOONUmGqzY8PK69i,2022-05-04T16:11:00+00:00
VDpGToBF5fcXEs3f,2022-05-04T10:30:00+00:00
KyAg0ul0NM7RQD5u,2022-05-04T00:40:00+00:00
opRzkFbihS3CvYlG,2022-05-03T20:02:00+00:00
VDpGToBF5fcXEs3f,2022-05-03T09:15:00+00:00
AhCqJSzFU71v2b57,2022-05-03T06:26:00+00:00
KlbgkbAJrybotlwa,2022-05-03T05:12:00+00:00
VDpGToBF5fcXEs3f,2022-05-03T04:04:00+00:00
nOONUmGqzY8PK69i,2022-05-02T21:31:00+00:00
ZQcGwUukCq9onPwA,2022-05-02T12:52:00+00:00
opRzkFbihS3CvYlG,2022-05-02T12:43:00+00:00
hcwJqENHdjvSmsOz,2022-05-02T06:41:00+00:00
19EaRr9jjlNMh0kw,2022-04-31T21:40:00+00:00
opRzkFbihS3CvYlG,2022-04-31T21:29:00+00:00
hcwJqENHdjvSmsOz,2022-04-31T06:59:00+00:00
nOONUmGqzY8PK69i,2022-04-30T01:04:00+00:00
nOONUmGqzY8PK69i,2022-04-29T13:53:00+00:00
19EaRr9jjlNMh0kw,2022-04-29T07:51:00+00:00
19EaRr9jjlNMh0kw,2022-04-28T21:00:00+00:00
opRzkFbihS3CvYlG,2022-04-28T14:15:00+00:00
ZQcGwUukCq9onPwA,2022-04-28T11:11:00+00:00
ZQcGwUukCq9onPwA,2022-04-28T09:24:00+00:00
y9QlSCu3S3wSdkcb,2022-04-27T23:08:00+00:00
nOONUmGqzY8PK69i,2022-04-27T01:09:00+00:00
hcwJqENHdjvSmsOz,2022-04-26T18:56:00+00:00
ZQcGwUukCq9onPwA,2022-04-26T13:14:00+00:00
nOONUmGqzY8PK69i,2022-04-26T10:02:00+00:00
ZQcGwUukCq9onPwA,2022-04-26T09:44:00+00:00
VDpGToBF5fcXEs3f,2022-04-26T02:19:00+00:00
hcwJqENHdjvSmsOz,2022-04-26T02:01:00+00:00
opRzkFbihS3CvYlG,2022-04-25T23:07:00+00:00
KlbgkbAJrybotlwa,2022-04-25T16:04:00+00:00
y9QlSCu3S3wSdkcb,2022-04-24T19:45:00+00:00
y9QlSCu3S3wSdkcb,2022-04-24T08:07:00+00:00
ZQcGwUukCq9onPwA,2022-04-23T12:57:00+00:00
19EaRr9jjlNMh0kw,2022-04-23T11:00:00+00:00
nOONUmGqzY8PK69i,2022-04-22T14:25:00+00:00
hcwJqENHdjvSmsOz,2022-04-22T09:01:00+00:00
KyAg0ul0NM7RQD5u,2022-04-21T23:59:00+00:00
19EaRr9jjlNMh0kw,2022-04-21T13:52:00+00:00
ZQcGwUukCq9onPwA,2022-04-21T12:03:00+00:00
VDpGToBF5fcXEs3f,2022-04-21T07:36:00+00:00
ZQcGwUukCq9onPwA,2022-04-21T05:14:00+00:00
nOONUmGqzY8PK69i,2022-04-20T22:43:00+00:00
ZQcGwUukCq9onPwA,2022-04-20T11:46:00+00:00
19EaRr9jjlNMh0kw,2022-04-20T08:26:00+00:00
hcwJqENHdjvSmsOz,2022-04-19T19:20:00+00:00
AhCqJSzFU71v2b57,2022-04-19T09:44:00+00:00
hcwJqENHdjvSmsOz,2022-04-18T14:38:00+00:00
VDpGToBF5fcXEs3f,2022-04-17T19:31:00+00:00
AhCqJSzFU71v2b57,2022-04-17T16:43:00+00:00
KlbgkbAJrybotlwa,2022-04-16T01:41:00+00:00
ZQcGwUukCq9onPwA,2022-04-15T07:43:00+00:00
KyAg0ul0NM7RQD5u,2022-04-14T13:48:00+00:00
y9QlSCu3S3wSdkcb,2022-04-13T06:51:00+00:00
19EaRr9jjlNMh0kw,2022-04-13T02:03:00+00:00
y9QlSCu3S3wSdkcb,2022-04-11T17:54:00+00:00
AhCqJSzFU71v2b57,2022-04-11T16:26:00+00:00
KlbgkbAJrybotlwa,2022-04-09T15:35:00+00:00
nOONUmGqzY8PK69i,2022-04-09T13:49:00+00:00
AhCqJSzFU71v2b57,2022-04-09T07:46:00+00:00
opRzkFbihS3CvYlG,2022-04-08T08:36:00+00:00
hcwJqENHdjvSmsOz,2022-04-08T04:18:00+00:00
y9QlSCu3S3wSdkcb,2022-04-08T01:02:00+00:00
hcwJqENHdjvSmsOz,2022-04-08T00:15:00+00:00
19EaRr9jjlNMh0kw,2022-04-06T04:23:00+00:00
AhCqJSzFU71v2b57,2022-04-06T03:22:00+00:00
KlbgkbAJrybotlwa,2022-04-05T18:23:00+00:00
AhCqJSzFU71v2b57,2022-04-05T17:13:00+00:00
hcwJqENHdjvSmsOz,2022-04-04T18:06:00+00:00
opRzkFbihS3CvYlG,2022-04-04T17:07:00+00:00
y9QlSCu3S3wSdkcb,2022-04-04T03:08:00+00:00
ZQcGwUukCq9onPwA,2022-04-03T07:35:00+00:00
KlbgkbAJrybotlwa,2022-04-03T03:59:00+00:00
ZQcGwUukCq9onPwA,2022-04-02T18:32:00+00:00
ZQcGwUukCq9onPwA,2022-04-02T09:03:00+00:00
19EaRr9jjlNMh0kw,2022-04-01T22:48:00+00:00
hcwJqENHdjvSmsOz,2022-03-31T11:01:00+00:00
opRzkFbihS3CvYlG,2022-03-31T08:17:00+00:00
nOONUmGqzY8PK69i,2022-03-30T13:23:00+00:00
19EaRr9jjlNMh0kw,2022-03-30T09:25:00+00:00
AhCqJSzFU71v2b57,2022-03-29T04:12:00+00:00
opRzkFbihS3CvYlG,2022-03-28T15:36:00+00:00
y9QlSCu3S3wSdkcb,2022-03-27T01:21:00+00:00
ZQcGwUukCq9onPwA,2022-03-26T14:04:00+00:00
y9QlSCu3S3wSdkcb,2022-03-26T12:56:00+00:00
ZQcGwUukCq9onPwA,2022-03-26T10:56:00+00:00
KlbgkbAJrybotlwa,2022-03-26T08:47:00+00:00
KlbgkbAJrybotlwa,2022-03-26T04:53:00+00:00
nOONUmGqzY8PK69i,2022-03-25T17:04:00+00:00
y9QlSCu3S3wSdkcb,2022-03-25T16:00:00+00:00
y9QlSCu3S3wSdkcb,2022-03-25T07:56:00+00:00
19EaRr9jjlNMh0kw,2022-03-25T03:45:00+00:00
KlbgkbAJrybotlwa,2022-03-24T05:26:00+00:00
KyAg0ul0NM7RQD5u,2022-03-23T07:27:00+00:00
opRzkFbihS3CvYlG,2022-03-23T05:00:00+00:00
hcwJqENHdjvSmsOz,2022-03-22T13:17:00+00:00
VDpGToBF5fcXEs3f,2022-03-21T13:40:00+00:00
AhCqJSzFU71v2b57,2022-03-21T13:20:00+00:00
hcwJqENHdjvSmsOz,2022-03-21T01:26:00+00:00
19EaRr9jjlNMh0kw,2022-03-20T08:33:00+00:00
KlbgkbAJrybotlwa,2022-03-20T05:56:00+00:00
nOONUmGqzY8PK69i,2022-03-19T23:22:00+00:00
KlbgkbAJrybotlwa,2022-03-19T20:38:00+00:00
KlbgkbAJrybotlwa,2022-03-19T18:18:00+00:00
nOONUmGqzY8PK69i,2022-03-18T23:43:00+00:00
hcwJqENHdjvSmsOz,2022-03-18T22:49:00+00:00
nOONUmGqzY8PK69i,2022-03-17T13:45:00+00:00
y9QlSCu3S3wSdkcb,2022-03-17T05:01:00+00:00
y9QlSCu3S3wSdkcb,2022-03-17T03:03:00+00:00
hcwJqENHdjvSmsOz,2022-03-17T01:09:00+00:00
VDpGToBF5fcXEs3f,2022-03-16T21:04:00+00:00
hcwJqENHdjvSmsOz,2022-03-16T10:38:00+00:00
VDpGToBF5fcXEs3f,2022-03-16T07:33:00+00:00
VDpGToBF5fcXEs3f,2022-03-16T00:34:00+00:00
ZQcGwUukCq9onPwA,2022-03-15T10:39:00+00:00
AhCqJSzFU71v2b57,2022-03-15T08:21:00+00:00
ZQcGwUukCq9onPwA,2022-03-15T00:18:00+00:00
nOONUmGqzY8PK69i,2022-03-14T12:46:00+00:00
ZQcGwUukCq9onPwA,2022-03-14T12:31:00+00:00
opRzkFbihS3CvYlG,2022-03-14T08:01:00+00:00
KyAg0ul0NM7RQD5u,2022-03-14T07:43:00+00:00
KlbgkbAJrybotlwa,2022-03-13T23:54:00+00:00
ZQcGwUukCq9onPwA,2022-03-13T19:49:00+00:00
KlbgkbAJrybotlwa,2022-03-13T01:41:00+00:00
19EaRr9jjlNMh0kw,2022-03-12T21:32:00+00:00
AhCqJSzFU71v2b57,2022-03-12T20:43:00+00:00
opRzkFbihS3CvYlG,2022-03-12T15:51:00+00:00
KyAg0ul0NM7RQD5u,2022-03-12T07:00:00+00:00
VDpGToBF5fcXEs3f,2022-03-12T01:18:00+00:00
19EaRr9jjlNMh0kw,2022-03-11T01:52:00+00:00
nOONUmGqzY8PK69i,2022-03-11T01:32:00+00:00
AhCqJSzFU71v2b57,2022-03-10T19:40:00+00:00
y9QlSCu3S3wSdkcb,2022-03-10T12:55:00+00:00
y9QlSCu3S3wSdkcb,2022-03-10T09:38:00+00:00
KyAg0ul0NM7RQD5u,2022-03-09T23:24:00+00:00
y9QlSCu3S3wSdkcb,2022-03-09T23:02:00+00:00
VDpGToBF5fcXEs3f,2022-03-09T21:11:00+00:00
KyAg0ul0NM7RQD5u,2022-03-09T05:23:00+00:00
KyAg0ul0NM7RQD5u,2022-03-08T20:43:00+00:00
nOONUmGqzY8PK69i,2022-03-08T08:40:00+00:00
nOONUmGqzY8PK69i,2022-03-07T15:35:00+00:00
KlbgkbAJrybotlwa,2022-03-07T01:21:00+00:00
KlbgkbAJrybotlwa,2022-03-06T23:45:00+00:00
opRzkFbihS3CvYlG,2022-03-06T09:52:00+00:00
y9QlSCu3S3wSdkcb,2022-03-06T02:18:00+00:00
nOONUmGqzY8PK69i,2022-03-05T08:27:00+00:00
ZQcGwUukCq9onPwA,2022-03-05T02:44:00+00:00
KlbgkbAJrybotlwa,2022-03-04T18:12:00+00:00
KlbgkbAJrybotlwa,2022-03-04T14:10:00+00:00
ZQcGwUukCq9onPwA,2022-03-04T04:05:00+00:00
opRzkFbihS3CvYlG,2022-03-04T03:24:00+00:00
ZQcGwUukCq9onPwA,2022-03-04T00:26:00+00:00
nOONUmGqzY8PK69i,2022-03-03T16:31:00+00:00
hcwJqENHdjvSmsOz,2022-03-03T11:03:00+00:00
VDpGToBF5fcXEs3f,2022-03-03T07:30:00+00:00
nOONUmGqzY8PK69i,2022-03-03T01:25:00+00:00
KyAg0ul0NM7RQD5u,2022-03-02T17:14:00+00:00
KlbgkbAJrybotlwa,2022-03-02T11:46:00+00:00
VDpGToBF5fcXEs3f,2022-03-02T11:43:00+00:00
19EaRr9jjlNMh0kw,2022-03-01T21:28:00+00:00
KlbgkbAJrybotlwa,2022-03-01T21:24:00+00:00
KlbgkbAJrybotlwa,2022-03-01T18:09:00+00:00
opRzkFbihS3CvYlG,2022-03-01T13:30:00+00:00
AhCqJSzFU71v2b57,2022-02-31T14:49:00+00:00
AhCqJSzFU71v2b57,2022-02-31T14:37:00+00:00
opRzkFbihS3CvYlG,2022-02-31T10:56:00+00:00
AhCqJSzFU71v2b57,2022-02-31T09:05:00+00:00
y9QlSCu3S3wSdkcb,2022-02-28T22:27:00+00:00
y9QlSCu3S3wSdkcb,2022-02-28T13:00:00+00:00
hcwJqENHdjvSmsOz,2022-02-27T23:36:00+00:00
KlbgkbAJrybotlwa,2022-02-27T16:30:00+00:00
KyAg0ul0NM7RQD5u,2022-02-27T00:42:00+00:00
KlbgkbAJrybotlwa,2022-02-25T19:20:00+00:00
VDpGToBF5fcXEs3f,2022-02-24T13:15:00+00:00
opRzkFbihS3CvYlG,2022-02-24T12:48:00+00:00
VDpGToBF5fcXEs3f,2022-02-24T09:09:00+00:00
KlbgkbAJrybotlwa,2022-02-24T09:05:00+00:00
VDpGToBF5fcXEs3f,2022-02-24T05:48:00+00:00
KlbgkbAJrybotlwa,2022-02-23T21:13:00+00:00
y9QlSCu3S3wSdkcb,2022-02-23T07:01:00+00:00
19EaRr9jjlNMh0kw,2022-02-23T01:46:00+00:00
KyAg0ul0NM7RQD5u,2022-02-22T21:39:00+00:00
hcwJqENHdjvSmsOz,2022-02-22T18:27:00+00:00
19EaRr9jjlNMh0kw,2022-02-22T13:53:00+00:00
KyAg0ul0NM7RQD5u,2022-02-22T13:01:00+00:00
19EaRr9jjlNMh0kw,2022-02-22T11:44:00+00:00
nOONUmGqzY8PK69i,2022-02-22T08:55:00+00:00
nOONUmGqzY8PK69i,2022-02-21T12:49:00+00:00
19EaRr9jjlNMh0kw,2022-02-21T06:09:00+00:00
nOONUmGqzY8PK69i,2022-02-21T04:23:00+00:00
nOONUmGqzY8PK69i,2022-02-20T04:17:00+00:00
VDpGToBF5fcXEs3f,2022-02-20T03:33:00+00:00
19EaRr9jjlNMh0kw,2022-02-20T02:53:00+00:00
19EaRr9jjlNMh0kw,2022-02-19T21:58:00+00:00
opRzkFbihS3CvYlG,2022-02-19T08:06:00+00:00
VDpGToBF5fcXEs3f,2022-02-18T16:59:00+00:00
nOONUmGqzY8PK69i,2022-02-18T07:29:00+00:00
19EaRr9jjlNMh0kw,2022-02-18T01:40:00+00:00
19EaRr9jjlNMh0kw,2022-02-17T19:00:00+00:00
y9QlSCu3S3wSdkcb,2022-02-17T00:31:00+00:00
y9QlSCu3S3wSdkcb,2022-02-16T13:35:00+00:00
KyAg0ul0NM7RQD5u,2022-02-16T04:39:00+00:00
KyAg0ul0NM7RQD5u,2022-02-16T03:06:00+00:00
KyAg0ul0NM7RQD5u,2022-02-15T18:38:00+00:00
VDpGToBF5fcXEs3f,2022-02-15T13:35:00+00:00
KlbgkbAJrybotlwa,2022-02-15T13:04:00+00:00
19EaRr9jjlNMh0kw,2022-02-15T12:37:00+00:00
ZQcGwUukCq9onPwA,2022-02-15T11:52:00+00:00
VDpGToBF5fcXEs3f,2022-02-15T09:19:00+00:00
hcwJqENHdjvSmsOz,2022-02-15T04:30:00+00:00
y9QlSCu3S3wSdkcb,2022-02-14T01:37:00+00:00
KlbgkbAJrybotlwa,2022-02-13T18:18:00+00:00
VDpGToBF5fcXEs3f,2022-02-13T01:24:00+00:00
hcwJqENHdjvSmsOz,2022-02-13T00:15:00+00:00
hcwJqENHdjvSmsOz,2022-02-12T13:11:00+00:00
ZQcGwUukCq9onPwA,2022-02-11T21:53:00+00:00
VDpGToBF5fcXEs3f,2022-02-11T12:50:00+00:00
19EaRr9jjlNMh0kw,2022-02-10T20:29:00+00:00
y9QlSCu3S3wSdkcb,2022-02-10T07:19:00+00:00
nOONUmGqzY8PK69i,2022-02-10T06:47:00+00:00
19EaRr9jjlNMh0kw,2022-02-10T06:09:00+00:00
VDpGToBF5fcXEs3f,2022-02-10T05:55:00+00:00
y9QlSCu3S3wSdkcb,2022-02-09T20:15:00+00:00
AhCqJSzFU71v2b57,2022-02-09T18:03:00+00:00
hcwJqENHdjvSmsOz,2022-02-09T16:10:00+00:00
y9QlSCu3S3wSdkcb,2022-02-09T03:37:00+00:00
19EaRr9jjlNMh0kw,2022-02-07T15:05:00+00:00
hcwJqENHdjvSmsOz,2022-02-07T08:23:00+00:00
hcwJqENHdjvSmsOz,2022-02-07T05:09:00+00:00
KyAg0ul0NM7RQD5u,2022-02-07T04:05:00+00:00
ZQcGwUukCq9onPwA,2022-02-06T23:59:00+00:00
AhCqJSzFU71v2b57,2022-02-06T23:07:00+00:00
ZQcGwUukCq9onPwA,2022-02-06T18:05:00+00:00
AhCqJSzFU71v2b57,2022-02-06T15:58:00+00:00
KyAg0ul0NM7RQD5u,2022-02-06T09:46:00+00:00
KlbgkbAJrybotlwa,2022-02-05T18:18:00+00:00
19EaRr9jjlNMh0kw,2022-02-05T15:05:00+00:00
KlbgkbAJrybotlwa,2022-02-05T11:33:00+00:00
hcwJqENHdjvSmsOz,2022-02-04T22:12:00+00:00
nOONUmGqzY8PK69i,2022-02-03T04:19:00+00:00
nOONUmGqzY8PK69i,2022-02-02T18:01:00+00:00
KyAg0ul0NM7RQD5u,2022-02-02T16:56:00+00:00
nOONUmGqzY8PK69i,2022-02-02T02:24:00+00:00
KyAg0ul0NM7RQD5u,2022-02-01T17:03:00+00:00
ZQcGwUukCq9onPwA,2022-02-01T10:22:00+00:00
opRzkFbihS3CvYlG,2022-01-31T20:33:00+00:00
hcwJqENHdjvSmsOz,2022-01-30T19:26:00+00:00
y9QlSCu3S3wSdkcb,2022-01-29T12:21:00+00:00
VDpGToBF5fcXEs3f,2022-01-29T05:43:00+00:00
opRzkFbihS3CvYlG,2022-01-29T01:16:00+00:00
19EaRr9jjlNMh0kw,2022-01-28T09:57:00+00:00
VDpGToBF5fcXEs3f,2022-01-27T21:18:00+00:00
y9QlSCu3S3wSdkcb,2022-01-27T15:09:00+00:00
19EaRr9jjlNMh0kw,2022-01-27T09:20:00+00:00
hcwJqENHdjvSmsOz,2022-01-27T08:24:00+00:00
ZQcGwUukCq9onPwA,2022-01-27T05:19:00+00:00
KlbgkbAJrybotlwa,2022-01-27T02:15:00+00:00
y9QlSCu3S3wSdkcb,2022-01-26T21:42:00+00:00
ZQcGwUukCq9onPwA,2022-01-26T16:45:00+00:00
VDpGToBF5fcXEs3f,2022-01-26T16:34:00+00:00
y9QlSCu3S3wSdkcb,2022-01-26T13:17:00+00:00
opRzkFbihS3CvYlG,2022-01-26T11:55:00+00:00
AhCqJSzFU71v2b57,2022-01-26T09:18:00+00:00
y9QlSCu3S3wSdkcb,2022-01-26T01:42:00+00:00
ZQcGwUukCq9onPwA,2022-01-25T23:54:00+00:00
VDpGToBF5fcXEs3f,2022-01-25T18:56:00+00:00
ZQcGwUukCq9onPwA,2022-01-25T16:01:00+00:00
AhCqJSzFU71v2b57,2022-01-25T15:09:00+00:00
nOONUmGqzY8PK69i,2022-01-25T14:20:00+00:00
hcwJqENHdjvSmsOz,2022-01-25T08:14:00+00:00
KlbgkbAJrybotlwa,2022-01-25T00:29:00+00:00
VDpGToBF5fcXEs3f,2022-01-24T19:13:00+00:00
KyAg0ul0NM7RQD5u,2022-01-24T17:52:00+00:00
KlbgkbAJrybotlwa,2022-01-23T18:37:00+00:00
KlbgkbAJrybotlwa,2022-01-23T03:07:00+00:00
KlbgkbAJrybotlwa,2022-01-22T17:24:00+00:00
ZQcGwUukCq9onPwA,2022-01-22T14:29:00+00:00
hcwJqENHdjvSmsOz,2022-01-22T09:07:00+00:00
19EaRr9jjlNMh0kw,2022-01-21T20:21:00+00:00
KyAg0ul0NM7RQD5u,2022-01-21T20:06:00+00:00
19EaRr9jjlNMh0kw,2022-01-21T14:26:00+00:00
y9QlSCu3S3wSdkcb,2022-01-20T14:14:00+00:00
hcwJqENHdjvSmsOz,2022-01-20T08:54:00+00:00
hcwJqENHdjvSmsOz,2022-01-19T12:11:00+00:00
VDpGToBF5fcXEs3f,2022-01-19T07:58:00+00:00
KlbgkbAJrybotlwa,2022-01-18T22:48:00+00:00
nOONUmGqzY8PK69i,2022-01-18T14:52:00+00:00
nOONUmGqzY8PK69i,2022-01-18T11:53:00+00:00
y9QlSCu3S3wSdkcb,2022-01-18T11:48:00+00:00
AhCqJSzFU71v2b57,2022-01-18T00:56:00+00:00
nOONUmGqzY8PK69i,2022-01-17T21:11:00+00:00
opRzkFbihS3CvYlG,2022-01-17T20:50:00+00:00
19EaRr9jjlNMh0kw,2022-01-17T12:45:00+00:00
AhCqJSzFU71v2b57,2022-01-17T09:48:00+00:00
KyAg0ul0NM7RQD5u,2022-01-17T02:38:00+00:00
hcwJqENHdjvSmsOz,2022-01-17T01:29:00+00:00
ZQcGwUukCq9onPwA,2022-01-16T21:20:00+00:00
KyAg0ul0NM7RQD5u,2022-01-16T16:29:00+00:00
AhCqJSzFU71v2b57,2022-01-16T11:43:00+00:00
y9QlSCu3S3wSdkcb,2022-01-16T05:14:00+00:00
nOONUmGqzY8PK69i,2022-01-16T04:09:00+00:00
hcwJqENHdjvSmsOz,2022-01-16T03:26:00+00:00
AhCqJSzFU71v2b57,2022-01-16T03:19:00+00:00
opRzkFbihS3CvYlG,2022-01-15T13:05:00+00:00
AhCqJSzFU71v2b57,2022-01-14T23:43:00+00:00
VDpGToBF5fcXEs3f,2022-01-14T16:02:00+00:00
AhCqJSzFU71v2b57,2022-01-13T14:50:00+00:00
ZQcGwUukCq9onPwA,2022-01-13T09:43:00+00:00
ZQcGwUukCq9onPwA,2022-01-13T02:06:00+00:00
KlbgkbAJrybotlwa,2022-01-12T20:23:00+00:00
ZQcGwUukCq9onPwA,2022-01-11T01:19:00+00:00
nOONUmGqzY8PK69i,2022-01-09T19:47:00+00:00
VDpGToBF5fcXEs3f,2022-01-09T09:19:00+00:00
opRzkFbihS3CvYlG,2022-01-09T05:43:00+00:00
VDpGToBF5fcXEs3f,2022-01-08T23:25:00+00:00
nOONUmGqzY8PK69i,2022-01-08T21:01:00+00:00
nOONUmGqzY8PK69i,2022-01-08T14:29:00+00:00
hcwJqENHdjvSmsOz,2022-01-08T11:15:00+00:00
AhCqJSzFU71v2b57,2022-01-08T02:26:00+00:00
VDpGToBF5fcXEs3f,2022-01-07T15:14:00+00:00
opRzkFbihS3CvYlG,2022-01-07T11:35:00+00:00
hcwJqENHdjvSmsOz,2022-01-07T10:29:00+00:00
hcwJqENHdjvSmsOz,2022-01-07T08:10:00+00:00
19EaRr9jjlNMh0kw,2022-01-07T00:21:00+00:00
19EaRr9jjlNMh0kw,2022-01-06T20:30:00+00:00
y9QlSCu3S3wSdkcb,2022-01-06T17:18:00+00:00
hcwJqENHdjvSmsOz,2022-01-06T12:10:00+00:00
ZQcGwUukCq9onPwA,2022-01-06T07:49:00+00:00
hcwJqENHdjvSmsOz,2022-01-04T10:23:00+00:00
KlbgkbAJrybotlwa,2022-01-04T07:45:00+00:00
19EaRr9jjlNMh0kw,2022-01-03T18:50:00+00:00
nOONUmGqzY8PK69i,2022-01-03T03:00:00+00:00
KyAg0ul0NM7RQD5u,2022-01-03T00:47:00+00:00
19EaRr9jjlNMh0kw,2022-01-02T22:50:00+00:00
opRzkFbihS3CvYlG,2022-01-02T03:08:00+00:00
ZQcGwUukCq9onPwA,2022-01-02T01:05:00+00:00
VDpGToBF5fcXEs3f,2022-01-01T23:42:00+00:00
KlbgkbAJrybotlwa,2022-01-01T19:14:00+00:00
